"orderid","customerid","orderdate"
1,9992,2018-01-15
2,9516,2018-01-23
3,8240,2018-01-18
4,9761,2018-01-09
5,6494,2018-01-06
6,9106,2018-01-17
7,1453,2018-01-21
8,3201,2018-01-18
9,9778,2018-01-21
10,2505,2018-01-28
11,2531,2018-01-22
12,5231,2018-01-10
13,2642,2018-01-15
14,2045,2018-01-02
15,2787,2018-01-07
16,8127,2018-01-27
17,5708,2018-01-01
18,6048,2018-01-06
19,5381,2018-01-26
20,5730,2018-01-28
21,2826,2018-01-06
22,1200,2018-01-07
23,6183,2018-01-18
24,8997,2018-01-24
25,4407,2018-01-14
26,7749,2018-01-10
27,8686,2018-01-24
28,4196,2018-01-26
29,2768,2018-01-08
30,1498,2018-01-27
31,7609,2018-01-02
32,4909,2018-01-04
33,1420,2018-01-26
34,3119,2018-01-20
35,8522,2018-01-27
36,168,2018-01-03
37,5893,2018-01-02
38,6129,2018-01-02
39,9280,2018-01-22
40,5158,2018-01-15
41,2526,2018-01-25
42,8476,2018-01-07
43,4171,2018-01-27
44,7555,2018-01-27
45,7641,2018-01-04
46,2402,2018-01-17
47,4260,2018-01-05
48,3167,2018-01-03
49,4842,2018-01-03
50,9791,2018-01-24
51,1162,2018-01-14
52,2972,2018-01-28
53,6182,2018-01-07
54,7351,2018-01-19
55,2690,2018-01-14
56,4500,2018-01-02
57,5049,2018-01-17
58,9352,2018-01-02
59,2505,2018-01-23
60,1855,2018-01-06
61,8460,2018-01-04
62,4806,2018-01-12
63,2947,2018-01-08
64,8006,2018-01-11
65,4373,2018-01-02
66,2876,2018-01-22
67,180,2018-01-29
68,6592,2018-01-15
69,979,2018-01-13
70,483,2018-01-19
71,2732,2018-01-28
72,7038,2018-01-13
73,1311,2018-01-24
74,262,2018-01-10
75,2249,2018-01-19
76,8440,2018-01-30
77,1697,2018-01-30
78,3982,2018-01-22
79,3179,2018-01-13
80,3966,2018-01-21
81,6826,2018-01-22
82,5002,2018-01-10
83,3398,2018-01-18
84,9700,2018-01-29
85,3603,2018-01-11
86,3864,2018-01-20
87,3570,2018-01-11
88,9011,2018-01-29
89,9098,2018-01-03
90,613,2018-01-25
91,5316,2018-01-30
92,4021,2018-01-05
93,352,2018-01-04
94,8322,2018-01-10
95,2809,2018-01-11
96,8166,2018-01-22
97,3964,2018-01-24
98,4959,2018-01-09
99,544,2018-01-14
100,6837,2018-01-20
101,7675,2018-01-06
102,9942,2018-01-20
103,3362,2018-01-16
104,8851,2018-01-10
105,5103,2018-01-05
106,8905,2018-01-27
107,1736,2018-01-18
108,4448,2018-01-29
109,2362,2018-01-19
110,2660,2018-01-10
111,4612,2018-01-04
112,3279,2018-01-19
113,4513,2018-01-02
114,1760,2018-01-20
115,5694,2018-01-14
116,2040,2018-01-03
117,1655,2018-01-14
118,5045,2018-01-17
119,1928,2018-01-12
120,434,2018-01-06
121,9146,2018-01-06
122,1226,2018-01-29
123,7905,2018-01-21
124,4011,2018-01-03
125,3970,2018-01-05
126,7076,2018-01-11
127,268,2018-01-20
128,3124,2018-01-05
129,890,2018-01-26
130,8596,2018-01-08
131,3031,2018-01-15
132,7031,2018-01-08
133,3720,2018-01-28
134,5033,2018-01-28
135,2639,2018-01-15
136,1799,2018-01-23
137,4611,2018-01-09
138,3184,2018-01-27
139,3629,2018-01-03
140,3892,2018-01-09
141,7135,2018-01-05
142,9300,2018-01-02
143,1903,2018-01-13
144,6574,2018-01-07
145,3781,2018-01-18
146,2123,2018-01-16
147,8485,2018-01-10
148,5814,2018-01-17
149,8176,2018-01-18
150,4104,2018-01-17
151,2593,2018-01-27
152,1903,2018-01-27
153,2223,2018-01-11
154,4180,2018-01-27
155,6560,2018-01-07
156,2438,2018-01-05
157,5579,2018-01-14
158,3019,2018-01-19
159,5964,2018-01-04
160,6378,2018-01-08
161,6438,2018-01-04
162,8103,2018-01-18
163,9523,2018-01-08
164,5274,2018-01-21
165,2496,2018-01-26
166,727,2018-01-26
167,8772,2018-01-06
168,6052,2018-01-22
169,2504,2018-01-25
170,2948,2018-01-09
171,8065,2018-01-07
172,4900,2018-01-09
173,9225,2018-01-24
174,5358,2018-01-04
175,2888,2018-01-04
176,6484,2018-01-07
177,6401,2018-01-30
178,6082,2018-01-19
179,5589,2018-01-03
180,5681,2018-01-05
181,5541,2018-01-03
182,3138,2018-01-08
183,7250,2018-01-04
184,4480,2018-01-29
185,4371,2018-01-16
186,243,2018-01-23
187,5871,2018-01-30
188,8295,2018-01-12
189,2915,2018-01-11
190,787,2018-01-05
191,8894,2018-01-16
192,4767,2018-01-13
193,5475,2018-01-30
194,4539,2018-01-10
195,1031,2018-01-05
196,4874,2018-01-02
197,5868,2018-01-29
198,9704,2018-01-08
199,2739,2018-01-27
200,4549,2018-01-03
201,4633,2018-01-21
202,4481,2018-01-03
203,1752,2018-01-20
204,8839,2018-01-13
205,3852,2018-01-04
206,7423,2018-01-05
207,9019,2018-01-14
208,4188,2018-01-01
209,1669,2018-01-10
210,375,2018-01-06
211,2735,2018-01-14
212,8118,2018-01-01
213,7415,2018-01-11
214,410,2018-01-10
215,792,2018-01-25
216,897,2018-01-17
217,3423,2018-01-18
218,4170,2018-01-01
219,6894,2018-01-29
220,2078,2018-01-23
221,726,2018-01-16
222,5038,2018-01-16
223,3126,2018-01-04
224,8241,2018-01-03
225,3591,2018-01-14
226,1890,2018-01-21
227,2403,2018-01-18
228,2561,2018-01-03
229,1262,2018-01-16
230,5605,2018-01-22
231,583,2018-01-18
232,4292,2018-01-18
233,9015,2018-01-26
234,2318,2018-01-29
235,2306,2018-01-11
236,6027,2018-01-28
237,7438,2018-01-25
238,8367,2018-01-12
239,4989,2018-01-30
240,6921,2018-01-29
241,9693,2018-01-17
242,5174,2018-01-14
243,795,2018-01-03
244,9236,2018-01-08
245,1463,2018-01-07
246,2171,2018-01-15
247,5843,2018-01-30
248,9487,2018-01-22
249,5062,2018-01-10
250,1896,2018-01-16
251,864,2018-01-16
252,5773,2018-01-23
253,9906,2018-01-27
254,3172,2018-01-26
255,6839,2018-01-18
256,3677,2018-01-19
257,6910,2018-01-06
258,3539,2018-01-02
259,489,2018-01-21
260,5100,2018-01-15
261,3925,2018-01-04
262,9496,2018-01-02
263,6215,2018-01-14
264,4252,2018-01-11
265,4017,2018-01-09
266,1988,2018-01-27
267,1881,2018-01-29
268,1336,2018-01-18
269,3458,2018-01-24
270,6797,2018-01-13
271,732,2018-01-27
272,5263,2018-01-12
273,7237,2018-01-02
274,3460,2018-01-05
275,5213,2018-01-14
276,2571,2018-01-24
277,3405,2018-01-10
278,6408,2018-01-13
279,8276,2018-01-17
280,2307,2018-01-09
281,6959,2018-01-21
282,9508,2018-01-24
283,317,2018-01-30
284,5539,2018-01-28
285,5573,2018-01-05
286,4358,2018-01-19
287,4003,2018-01-20
288,1813,2018-01-08
289,8829,2018-01-17
290,6856,2018-01-12
291,3819,2018-01-08
292,7958,2018-01-01
293,1822,2018-01-20
294,6022,2018-01-14
295,6220,2018-01-15
296,8473,2018-01-11
297,1180,2018-01-17
298,5985,2018-01-09
299,5455,2018-01-10
300,894,2018-01-27
301,7643,2018-01-27
302,1479,2018-01-08
303,7590,2018-01-03
304,7555,2018-01-04
305,6606,2018-01-27
306,4459,2018-01-22
307,6004,2018-01-20
308,5166,2018-01-18
309,5455,2018-01-29
310,6991,2018-01-22
311,407,2018-01-05
312,3807,2018-01-07
313,8642,2018-01-24
314,9213,2018-01-09
315,4622,2018-01-26
316,1047,2018-01-03
317,9270,2018-01-30
318,8848,2018-01-15
319,2187,2018-01-30
320,9912,2018-01-18
321,16,2018-01-30
322,4551,2018-01-29
323,4397,2018-01-10
324,8522,2018-01-18
325,7844,2018-01-27
326,3178,2018-01-22
327,5161,2018-01-09
328,3414,2018-01-17
329,6592,2018-01-07
330,8944,2018-01-06
331,3902,2018-01-04
332,1534,2018-01-13
333,5527,2018-01-23
334,7576,2018-01-21
335,9460,2018-01-21
336,972,2018-01-27
337,7182,2018-01-06
338,3291,2018-01-19
339,9672,2018-01-18
340,3807,2018-01-17
341,7749,2018-01-01
342,6755,2018-01-05
343,8117,2018-01-20
344,216,2018-01-17
345,3624,2018-01-19
346,3818,2018-01-21
347,9767,2018-01-14
348,2641,2018-01-04
349,8655,2018-01-13
350,8378,2018-01-13
351,5706,2018-01-01
352,2224,2018-01-01
353,1972,2018-01-17
354,6400,2018-01-30
355,2287,2018-01-27
356,7382,2018-01-06
357,2012,2018-01-26
358,7906,2018-01-08
359,4423,2018-01-24
360,8559,2018-01-18
361,9580,2018-01-17
362,4726,2018-01-04
363,8589,2018-01-01
364,3580,2018-01-21
365,476,2018-01-04
366,5480,2018-01-20
367,4601,2018-01-23
368,6216,2018-01-02
369,1854,2018-01-07
370,8211,2018-01-25
371,6124,2018-01-22
372,4360,2018-01-09
373,402,2018-01-02
374,7387,2018-01-27
375,2982,2018-01-21
376,1715,2018-01-11
377,2121,2018-01-26
378,9097,2018-01-25
379,7973,2018-01-24
380,9034,2018-01-12
381,5216,2018-01-04
382,2577,2018-01-19
383,6963,2018-01-01
384,973,2018-01-10
385,7593,2018-01-10
386,8269,2018-01-07
387,9307,2018-01-17
388,5269,2018-01-15
389,9464,2018-01-07
390,8086,2018-01-02
391,6026,2018-01-18
392,8156,2018-01-14
393,6066,2018-01-10
394,8055,2018-01-12
395,2559,2018-01-28
396,560,2018-01-11
397,5794,2018-01-22
398,7807,2018-01-12
399,4915,2018-01-30
400,2907,2018-01-22
401,1801,2018-01-27
402,3648,2018-01-05
403,998,2018-01-12
404,7594,2018-01-23
405,2889,2018-01-25
406,1539,2018-01-07
407,7702,2018-01-11
408,9084,2018-01-02
409,7478,2018-01-29
410,7270,2018-01-09
411,5580,2018-01-12
412,7530,2018-01-17
413,8922,2018-01-07
414,7418,2018-01-23
415,2548,2018-01-17
416,893,2018-01-22
417,7729,2018-01-04
418,7144,2018-01-06
419,7276,2018-01-06
420,2935,2018-01-16
421,6997,2018-01-03
422,2295,2018-01-14
423,6632,2018-01-08
424,6702,2018-01-25
425,1144,2018-01-14
426,8270,2018-01-03
427,2011,2018-01-21
428,2351,2018-01-30
429,7541,2018-01-10
430,642,2018-01-01
431,8764,2018-01-27
432,7144,2018-01-16
433,7376,2018-01-18
434,7525,2018-01-02
435,4793,2018-01-20
436,4865,2018-01-09
437,6766,2018-01-09
438,4948,2018-01-09
439,3428,2018-01-28
440,8626,2018-01-22
441,7283,2018-01-03
442,754,2018-01-09
443,7554,2018-01-27
444,2641,2018-01-09
445,8171,2018-01-01
446,3847,2018-01-16
447,381,2018-01-25
448,6619,2018-01-05
449,5929,2018-01-21
450,2594,2018-01-05
451,8778,2018-01-03
452,5033,2018-01-27
453,3719,2018-01-29
454,7799,2018-01-24
455,2275,2018-01-17
456,4964,2018-01-15
457,2114,2018-01-05
458,4242,2018-01-18
459,837,2018-01-08
460,4143,2018-01-27
461,3891,2018-01-13
462,1114,2018-01-08
463,3797,2018-01-22
464,5524,2018-01-21
465,9567,2018-01-29
466,6354,2018-01-16
467,2770,2018-01-08
468,6072,2018-01-20
469,5364,2018-01-30
470,6936,2018-01-02
471,1713,2018-01-19
472,5189,2018-01-12
473,6446,2018-01-15
474,6203,2018-01-01
475,5388,2018-01-21
476,3971,2018-01-02
477,8198,2018-01-13
478,7486,2018-01-06
479,4091,2018-01-02
480,1188,2018-01-03
481,7493,2018-01-06
482,9671,2018-01-05
483,2487,2018-01-28
484,8100,2018-01-14
485,3528,2018-01-20
486,4605,2018-01-21
487,6176,2018-01-13
488,6185,2018-01-21
489,7463,2018-01-05
490,1526,2018-01-09
491,5976,2018-01-13
492,8609,2018-01-09
493,6584,2018-01-10
494,9275,2018-01-06
495,7456,2018-01-02
496,599,2018-01-06
497,8093,2018-01-07
498,6070,2018-01-08
499,8775,2018-01-19
500,7214,2018-01-19
501,4610,2018-01-20
502,5559,2018-01-01
503,2852,2018-01-23
504,4430,2018-01-06
505,947,2018-01-21
506,1065,2018-01-19
507,2208,2018-01-22
508,9980,2018-01-19
509,9972,2018-01-17
510,6704,2018-01-16
511,7171,2018-01-21
512,484,2018-01-29
513,5431,2018-01-24
514,2659,2018-01-08
515,2456,2018-01-27
516,777,2018-01-11
517,2187,2018-01-10
518,183,2018-01-10
519,5266,2018-01-04
520,3413,2018-01-28
521,310,2018-01-23
522,2558,2018-01-26
523,5350,2018-01-22
524,8026,2018-01-30
525,3576,2018-01-11
526,8449,2018-01-06
527,4773,2018-01-04
528,2921,2018-01-01
529,3010,2018-01-14
530,5339,2018-01-29
531,1930,2018-01-20
532,5714,2018-01-09
533,7804,2018-01-28
534,6174,2018-01-10
535,2709,2018-01-22
536,5940,2018-01-12
537,753,2018-01-01
538,6738,2018-01-13
539,5245,2018-01-30
540,1072,2018-01-20
541,9821,2018-01-16
542,6166,2018-01-18
543,3724,2018-01-09
544,4603,2018-01-23
545,9024,2018-01-17
546,4812,2018-01-21
547,2661,2018-01-25
548,3692,2018-01-01
549,5855,2018-01-18
550,6512,2018-01-01
551,4396,2018-01-20
552,6891,2018-01-17
553,4117,2018-01-26
554,5822,2018-01-17
555,4332,2018-01-20
556,6445,2018-01-15
557,2519,2018-01-02
558,8294,2018-01-05
559,4215,2018-01-03
560,6597,2018-01-15
561,352,2018-01-04
562,1889,2018-01-02
563,7571,2018-01-05
564,8902,2018-01-10
565,9281,2018-01-30
566,2725,2018-01-20
567,8938,2018-01-02
568,261,2018-01-03
569,2300,2018-01-11
570,109,2018-01-12
571,6207,2018-01-28
572,767,2018-01-06
573,4422,2018-01-01
574,1131,2018-01-19
575,740,2018-01-26
576,7685,2018-01-12
577,710,2018-01-16
578,4883,2018-01-06
579,180,2018-01-29
580,7399,2018-01-13
581,9542,2018-01-23
582,2809,2018-01-15
583,3561,2018-01-28
584,8582,2018-01-14
585,9598,2018-01-22
586,2598,2018-01-04
587,5592,2018-01-15
588,1663,2018-01-24
589,263,2018-01-23
590,1740,2018-01-04
591,5009,2018-01-02
592,4356,2018-01-26
593,3118,2018-01-18
594,4078,2018-01-22
595,3129,2018-01-14
596,6925,2018-01-25
597,6378,2018-01-07
598,388,2018-01-04
599,9786,2018-01-06
600,658,2018-01-12
601,9462,2018-01-10
602,5779,2018-01-22
603,5946,2018-01-22
604,5877,2018-01-06
605,6865,2018-01-01
606,67,2018-01-22
607,7395,2018-01-14
608,1679,2018-01-30
609,3840,2018-01-07
610,2377,2018-01-20
611,2,2018-01-01
612,4827,2018-01-22
613,8192,2018-01-06
614,7020,2018-01-01
615,1771,2018-01-22
616,4051,2018-01-28
617,9106,2018-01-15
618,5716,2018-01-25
619,5300,2018-01-01
620,5600,2018-01-02
621,4910,2018-01-11
622,3437,2018-01-11
623,2115,2018-01-29
624,558,2018-01-04
625,141,2018-01-27
626,7983,2018-01-22
627,4435,2018-01-08
628,6727,2018-01-05
629,5625,2018-01-22
630,1342,2018-01-28
631,3921,2018-01-29
632,9882,2018-01-03
633,4287,2018-01-14
634,2851,2018-01-25
635,3475,2018-01-01
636,9470,2018-01-14
637,772,2018-01-05
638,4578,2018-01-22
639,9358,2018-01-18
640,1398,2018-01-11
641,7732,2018-01-13
642,6689,2018-01-25
643,3956,2018-01-11
644,9222,2018-01-23
645,2572,2018-01-15
646,3758,2018-01-25
647,6470,2018-01-29
648,829,2018-01-06
649,8716,2018-01-15
650,4415,2018-01-06
651,2764,2018-01-03
652,2345,2018-01-14
653,3578,2018-01-25
654,6201,2018-01-28
655,1445,2018-01-18
656,7903,2018-01-03
657,6080,2018-01-17
658,9320,2018-01-14
659,1513,2018-01-30
660,8254,2018-01-25
661,5051,2018-01-11
662,3245,2018-01-19
663,5173,2018-01-28
664,2351,2018-01-07
665,7251,2018-01-17
666,4949,2018-01-16
667,1545,2018-01-05
668,8086,2018-01-23
669,1771,2018-01-26
670,5564,2018-01-07
671,7605,2018-01-10
672,9212,2018-01-26
673,9110,2018-01-07
674,3741,2018-01-13
675,3667,2018-01-19
676,2165,2018-01-14
677,8725,2018-01-02
678,4364,2018-01-05
679,5675,2018-01-15
680,4325,2018-01-25
681,6292,2018-01-23
682,5066,2018-01-12
683,9492,2018-01-03
684,9232,2018-01-15
685,9408,2018-01-18
686,8571,2018-01-18
687,5541,2018-01-29
688,2670,2018-01-17
689,7043,2018-01-18
690,3859,2018-01-17
691,6005,2018-01-17
692,5329,2018-01-27
693,4266,2018-01-20
694,6671,2018-01-15
695,603,2018-01-12
696,9410,2018-01-30
697,5866,2018-01-30
698,6644,2018-01-11
699,6615,2018-01-13
700,3613,2018-01-30
701,9776,2018-01-08
702,9237,2018-01-19
703,8470,2018-01-15
704,9434,2018-01-22
705,7881,2018-01-02
706,4556,2018-01-06
707,3758,2018-01-02
708,9845,2018-01-20
709,2990,2018-01-11
710,8854,2018-01-08
711,5151,2018-01-23
712,9857,2018-01-07
713,1935,2018-01-24
714,8347,2018-01-24
715,6002,2018-01-23
716,2695,2018-01-11
717,1195,2018-01-03
718,2671,2018-01-18
719,8836,2018-01-28
720,3649,2018-01-22
721,246,2018-01-24
722,111,2018-01-04
723,3385,2018-01-24
724,558,2018-01-18
725,4236,2018-01-28
726,2472,2018-01-01
727,8061,2018-01-12
728,2503,2018-01-07
729,8172,2018-01-11
730,5244,2018-01-08
731,1047,2018-01-08
732,8721,2018-01-23
733,7050,2018-01-30
734,5176,2018-01-16
735,748,2018-01-19
736,7424,2018-01-11
737,3712,2018-01-04
738,4229,2018-01-25
739,3252,2018-01-15
740,7736,2018-01-03
741,2545,2018-01-09
742,383,2018-01-20
743,7431,2018-01-14
744,5204,2018-01-07
745,2956,2018-01-14
746,2628,2018-01-18
747,1851,2018-01-27
748,8181,2018-01-14
749,4293,2018-01-26
750,3036,2018-01-13
751,6099,2018-01-09
752,4976,2018-01-11
753,1573,2018-01-28
754,3828,2018-01-18
755,4147,2018-01-22
756,130,2018-01-27
757,215,2018-01-30
758,2310,2018-01-06
759,5556,2018-01-22
760,1653,2018-01-15
761,7729,2018-01-05
762,7512,2018-01-28
763,452,2018-01-22
764,4880,2018-01-05
765,6632,2018-01-03
766,4537,2018-01-24
767,9863,2018-01-28
768,2919,2018-01-01
769,6214,2018-01-30
770,4,2018-01-10
771,9446,2018-01-28
772,6098,2018-01-07
773,4200,2018-01-02
774,8128,2018-01-23
775,2948,2018-01-10
776,788,2018-01-28
777,7472,2018-01-15
778,1842,2018-01-26
779,2580,2018-01-20
780,6884,2018-01-24
781,6791,2018-01-25
782,8023,2018-01-26
783,8707,2018-01-05
784,8733,2018-01-01
785,5538,2018-01-29
786,9171,2018-01-16
787,6027,2018-01-23
788,4610,2018-01-22
789,2107,2018-01-11
790,5506,2018-01-18
791,1308,2018-01-18
792,5847,2018-01-24
793,6554,2018-01-15
794,2478,2018-01-07
795,2235,2018-01-02
796,3399,2018-01-05
797,4941,2018-01-02
798,6537,2018-01-03
799,7019,2018-01-24
800,9276,2018-01-21
801,7151,2018-01-06
802,1495,2018-01-17
803,3907,2018-01-12
804,2358,2018-01-13
805,8160,2018-01-26
806,7791,2018-01-11
807,2119,2018-01-08
808,6050,2018-01-03
809,1556,2018-01-24
810,4166,2018-01-15
811,516,2018-01-06
812,4662,2018-01-29
813,1714,2018-01-02
814,8307,2018-01-16
815,602,2018-01-14
816,4039,2018-01-08
817,8665,2018-01-26
818,264,2018-01-02
819,4020,2018-01-28
820,1064,2018-01-28
821,2504,2018-01-15
822,2154,2018-01-14
823,4441,2018-01-22
824,3895,2018-01-17
825,3935,2018-01-19
826,9615,2018-01-22
827,9801,2018-01-28
828,8419,2018-01-01
829,1035,2018-01-08
830,8468,2018-01-26
831,1755,2018-01-23
832,643,2018-01-17
833,4073,2018-01-26
834,7541,2018-01-21
835,2690,2018-01-28
836,4688,2018-01-16
837,4006,2018-01-12
838,2513,2018-01-11
839,2033,2018-01-10
840,2053,2018-01-05
841,54,2018-01-17
842,5433,2018-01-23
843,4239,2018-01-13
844,3172,2018-01-10
845,8676,2018-01-08
846,5746,2018-01-08
847,1334,2018-01-27
848,6998,2018-01-06
849,9756,2018-01-29
850,9499,2018-01-26
851,6947,2018-01-03
852,6063,2018-01-24
853,1500,2018-01-20
854,9896,2018-01-29
855,4834,2018-01-09
856,3484,2018-01-13
857,1289,2018-01-05
858,1029,2018-01-30
859,3242,2018-01-19
860,2208,2018-01-10
861,2499,2018-01-11
862,9672,2018-01-08
863,5163,2018-01-26
864,10,2018-01-20
865,725,2018-01-14
866,2872,2018-01-26
867,3438,2018-01-17
868,972,2018-01-13
869,6960,2018-01-08
870,193,2018-01-09
871,5634,2018-01-16
872,2328,2018-01-20
873,7526,2018-01-14
874,9660,2018-01-28
875,351,2018-01-24
876,280,2018-01-11
877,341,2018-01-20
878,2367,2018-01-17
879,1622,2018-01-30
880,5532,2018-01-28
881,414,2018-01-23
882,8054,2018-01-14
883,7558,2018-01-07
884,9060,2018-01-23
885,788,2018-01-04
886,3152,2018-01-08
887,3779,2018-01-09
888,3837,2018-01-01
889,3972,2018-01-09
890,4648,2018-01-05
891,4086,2018-01-15
892,221,2018-01-05
893,3907,2018-01-02
894,826,2018-01-26
895,5304,2018-01-28
896,3093,2018-01-23
897,7371,2018-01-07
898,4156,2018-01-30
899,459,2018-01-24
900,4106,2018-01-06
901,9788,2018-01-21
902,5344,2018-01-03
903,6027,2018-01-27
904,2769,2018-01-06
905,217,2018-01-09
906,9968,2018-01-16
907,5891,2018-01-07
908,1907,2018-01-15
909,6108,2018-01-26
910,1276,2018-01-19
911,4217,2018-01-23
912,198,2018-01-24
913,8913,2018-01-23
914,1733,2018-01-14
915,1406,2018-01-18
916,5545,2018-01-15
917,9103,2018-01-26
918,5665,2018-01-18
919,739,2018-01-12
920,9258,2018-01-03
921,9079,2018-01-07
922,7094,2018-01-29
923,7577,2018-01-23
924,5401,2018-01-18
925,7864,2018-01-27
926,8064,2018-01-09
927,4141,2018-01-14
928,9001,2018-01-27
929,6444,2018-01-17
930,2374,2018-01-10
931,2400,2018-01-24
932,3992,2018-01-08
933,4649,2018-01-03
934,5034,2018-01-29
935,5035,2018-01-14
936,3855,2018-01-02
937,3955,2018-01-25
938,9725,2018-01-10
939,5014,2018-01-23
940,9586,2018-01-27
941,5394,2018-01-25
942,6591,2018-01-08
943,8604,2018-01-21
944,4829,2018-01-12
945,7855,2018-01-24
946,6108,2018-01-18
947,9764,2018-01-07
948,6754,2018-01-10
949,3751,2018-01-15
950,3541,2018-01-30
951,4115,2018-01-26
952,398,2018-01-07
953,1014,2018-01-17
954,3865,2018-01-02
955,4998,2018-01-24
956,9429,2018-01-24
957,4197,2018-01-07
958,7894,2018-01-23
959,8107,2018-01-10
960,9743,2018-01-26
961,8654,2018-01-27
962,1880,2018-01-08
963,7289,2018-01-03
964,3985,2018-01-24
965,8091,2018-01-11
966,2458,2018-01-13
967,3156,2018-01-20
968,514,2018-01-29
969,9625,2018-01-20
970,8261,2018-01-25
971,7134,2018-01-04
972,5710,2018-01-01
973,1631,2018-01-20
974,2548,2018-01-17
975,363,2018-01-28
976,5433,2018-01-18
977,243,2018-01-09
978,2945,2018-01-01
979,9878,2018-01-07
980,3084,2018-01-03
981,5767,2018-01-10
982,4363,2018-01-21
983,6140,2018-01-25
984,469,2018-01-21
985,6187,2018-01-27
986,2715,2018-01-13
987,8078,2018-01-12
988,4477,2018-01-13
989,3010,2018-01-07
990,4698,2018-01-12
991,3868,2018-01-17
992,4871,2018-01-15
993,8574,2018-01-20
994,6083,2018-01-01
995,7360,2018-01-19
996,1524,2018-01-12
997,1949,2018-01-20
998,5487,2018-01-20
999,6551,2018-01-29
1000,6623,2018-01-29
1001,947,2018-02-01
1002,308,2018-02-01
1003,588,2018-02-01
1004,880,2018-02-01
1005,692,2018-02-01
1006,558,2018-02-01
1007,981,2018-02-01
1008,965,2018-02-01
1009,91,2018-02-02
1010,348,2018-02-02
1011,613,2018-02-02
1012,900,2018-02-02
1013,231,2018-02-02
1014,214,2018-02-02
1015,117,2018-02-02
1016,41,2018-02-02
1017,376,2018-02-02
1018,709,2018-02-02
1019,985,2018-02-02
1020,99,2018-02-02
1021,106,2018-02-02
1022,254,2018-02-03
1023,426,2018-02-03
1024,97,2018-02-03
1025,934,2018-02-03
1026,902,2018-02-03
1027,207,2018-02-03
1028,657,2018-02-03
1029,35,2018-02-03
1030,730,2018-02-03
1031,145,2018-02-03
1032,648,2018-02-03
1033,689,2018-02-03
1034,158,2018-02-03
1035,570,2018-02-03
1036,776,2018-02-04
1037,405,2018-02-04
1038,217,2018-02-04
1039,259,2018-02-04
1040,789,2018-02-04
1041,873,2018-02-04
1042,259,2018-02-04
1043,957,2018-02-04
1044,473,2018-02-04
1045,752,2018-02-04
1046,244,2018-02-04
1047,496,2018-02-05
1048,504,2018-02-05
1049,201,2018-02-05
1050,7,2018-02-05
1051,549,2018-02-05
1052,145,2018-02-05
1053,390,2018-02-05
1054,713,2018-02-05
1055,404,2018-02-05
1056,395,2018-02-06
1057,384,2018-02-06
1058,515,2018-02-06
1059,948,2018-02-06
1060,187,2018-02-06
1061,736,2018-02-06
1062,359,2018-02-06
1063,247,2018-02-06
1064,960,2018-02-06
1065,291,2018-02-06
1066,478,2018-02-06
1067,480,2018-02-06
1068,531,2018-02-06
1069,963,2018-02-06
1070,752,2018-02-06
1071,14,2018-02-07
1072,700,2018-02-07
1073,740,2018-02-07
1074,409,2018-02-07
1075,662,2018-02-07
1076,498,2018-02-07
1077,204,2018-02-07
1078,495,2018-02-07
1079,573,2018-02-07
1080,613,2018-02-07
1081,72,2018-02-07
1082,270,2018-02-08
1083,448,2018-02-08
1084,231,2018-02-08
1085,743,2018-02-08
1086,722,2018-02-08
1087,669,2018-02-08
1088,665,2018-02-08
1089,463,2018-02-08
1090,413,2018-02-09
1091,963,2018-02-09
1092,386,2018-02-09
1093,738,2018-02-09
1094,466,2018-02-09
1095,39,2018-02-09
1096,533,2018-02-09
1097,259,2018-02-09
1098,474,2018-02-09
1099,844,2018-02-09
1100,199,2018-02-09
1101,516,2018-02-09
1102,163,2018-02-10
1103,13,2018-02-10
1104,552,2018-02-10
1105,121,2018-02-10
1106,109,2018-02-10
1107,775,2018-02-10
1108,521,2018-02-10
1109,971,2018-02-10
1110,271,2018-02-10
1111,387,2018-02-10
1112,157,2018-02-10
1113,485,2018-02-10
1114,503,2018-02-10
1115,625,2018-02-10
1116,199,2018-02-11
1117,57,2018-02-11
1118,690,2018-02-11
1119,746,2018-02-11
1120,154,2018-02-11
1121,703,2018-02-11
1122,463,2018-02-11
1123,247,2018-02-11
1124,567,2018-02-11
1125,28,2018-02-11
1126,251,2018-02-11
1127,950,2018-02-11
1128,238,2018-02-11
1129,71,2018-02-11
1130,582,2018-02-11
1131,379,2018-02-11
1132,151,2018-02-11
1133,648,2018-02-11
1134,768,2018-02-11
1135,948,2018-02-11
1136,289,2018-02-11
1137,952,2018-02-12
1138,406,2018-02-12
1139,342,2018-02-12
1140,708,2018-02-12
1141,23,2018-02-12
1142,275,2018-02-12
1143,79,2018-02-12
1144,177,2018-02-12
1145,51,2018-02-13
1146,22,2018-02-13
1147,954,2018-02-13
1148,105,2018-02-13
1149,962,2018-02-13
1150,784,2018-02-13
1151,859,2018-02-14
1152,496,2018-02-14
1153,917,2018-02-14
1154,824,2018-02-14
1155,479,2018-02-14
1156,365,2018-02-14
1157,565,2018-02-14
1158,533,2018-02-14
1159,393,2018-02-14
1160,165,2018-02-14
1161,585,2018-02-14
1162,699,2018-02-14
1163,155,2018-02-15
1164,799,2018-02-15
1165,915,2018-02-15
1166,253,2018-02-15
1167,345,2018-02-15
1168,221,2018-02-15
1169,917,2018-02-15
1170,70,2018-02-15
1171,151,2018-02-15
1172,32,2018-02-16
1173,225,2018-02-16
1174,145,2018-02-16
1175,661,2018-02-16
1176,340,2018-02-16
1177,360,2018-02-16
1178,885,2018-02-16
1179,797,2018-02-16
1180,398,2018-02-16
1181,261,2018-02-16
1182,386,2018-02-16
1183,45,2018-02-16
1184,43,2018-02-16
1185,788,2018-02-17
1186,580,2018-02-17
1187,430,2018-02-17
1188,946,2018-02-17
1189,237,2018-02-17
1190,513,2018-02-17
1191,156,2018-02-17
1192,735,2018-02-17
1193,339,2018-02-17
1194,779,2018-02-17
1195,318,2018-02-17
1196,46,2018-02-17
1197,70,2018-02-17
1198,148,2018-02-17
1199,68,2018-02-17
1200,192,2018-02-17
1201,963,2018-02-18
1202,509,2018-02-18
1203,469,2018-02-18
1204,228,2018-02-18
1205,306,2018-02-18
1206,300,2018-02-18
1207,944,2018-02-18
1208,894,2018-02-18
1209,731,2018-02-18
1210,75,2018-02-18
1211,283,2018-02-18
1212,55,2018-02-19
1213,461,2018-02-19
1214,907,2018-02-19
1215,592,2018-02-19
1216,802,2018-02-19
1217,746,2018-02-19
1218,885,2018-02-19
1219,985,2018-02-19
1220,771,2018-02-19
1221,772,2018-02-19
1222,45,2018-02-19
1223,246,2018-02-19
1224,73,2018-02-20
1225,911,2018-02-20
1226,828,2018-02-20
1227,832,2018-02-20
1228,858,2018-02-21
1229,534,2018-02-21
1230,474,2018-02-21
1231,86,2018-02-21
1232,865,2018-02-21
1233,179,2018-02-21
1234,656,2018-02-21
1235,849,2018-02-21
1236,621,2018-02-21
1237,31,2018-02-21
1238,721,2018-02-21
1239,752,2018-02-21
1240,943,2018-02-21
1241,538,2018-02-21
1242,338,2018-02-21
1243,540,2018-02-21
1244,810,2018-02-22
1245,20,2018-02-22
1246,472,2018-02-22
1247,57,2018-02-22
1248,423,2018-02-22
1249,687,2018-02-22
1250,627,2018-02-22
1251,880,2018-02-22
1252,859,2018-02-22
1253,119,2018-02-22
1254,263,2018-02-22
1255,369,2018-02-22
1256,364,2018-02-22
1257,81,2018-02-22
1258,574,2018-02-22
1259,645,2018-02-22
1260,462,2018-02-22
1261,902,2018-02-22
1262,905,2018-02-23
1263,224,2018-02-23
1264,303,2018-02-23
1265,586,2018-02-23
1266,957,2018-02-23
1267,927,2018-02-23
1268,40,2018-02-23
1269,214,2018-02-23
1270,916,2018-02-23
1271,756,2018-02-23
1272,986,2018-02-24
1273,655,2018-02-24
1274,411,2018-02-24
1275,109,2018-02-24
1276,494,2018-02-24
1277,166,2018-02-24
1278,752,2018-02-24
1279,888,2018-02-25
1280,924,2018-02-25
1281,170,2018-02-25
1282,632,2018-02-25
1283,341,2018-02-25
1284,707,2018-02-25
1285,993,2018-02-25
1286,16,2018-02-25
1287,954,2018-02-25
1288,432,2018-02-25
1289,998,2018-02-25
1290,914,2018-02-26
1291,278,2018-02-26
1292,710,2018-02-26
1293,633,2018-02-26
1294,981,2018-02-26
1295,337,2018-02-26
1296,792,2018-02-26
1297,627,2018-02-26
1298,934,2018-02-26
1299,170,2018-02-27
1300,230,2018-02-27
1301,251,2018-02-27
1302,958,2018-02-27
1303,920,2018-02-27
1304,281,2018-02-27
1305,681,2018-02-27
1306,250,2018-02-27
1307,555,2018-02-27
1308,189,2018-02-27
1309,649,2018-02-27
1310,743,2018-02-27
1311,113,2018-03-01
1312,474,2018-03-01
1313,822,2018-03-01
1314,430,2018-03-01
1315,237,2018-03-01
1316,407,2018-03-01
1317,918,2018-03-01
1318,874,2018-03-01
1319,993,2018-03-02
1320,257,2018-03-02
1321,739,2018-03-02
1322,41,2018-03-02
1323,415,2018-03-02
1324,194,2018-03-02
1325,606,2018-03-02
1326,659,2018-03-02
1327,466,2018-03-02
1328,878,2018-03-02
1329,863,2018-03-02
1330,224,2018-03-03
1331,61,2018-03-03
1332,359,2018-03-03
1333,292,2018-03-03
1334,975,2018-03-03
1335,376,2018-03-03
1336,605,2018-03-03
1337,1,2018-03-03
1338,388,2018-03-03
1339,542,2018-03-03
1340,205,2018-03-03
1341,495,2018-03-03
1342,298,2018-03-03
1343,663,2018-03-03
1344,581,2018-03-03
1345,397,2018-03-04
1346,308,2018-03-04
1347,859,2018-03-04
1348,693,2018-03-04
1349,113,2018-03-04
1350,628,2018-03-04
1351,556,2018-03-04
1352,914,2018-03-04
1353,607,2018-03-04
1354,14,2018-03-05
1355,45,2018-03-05
1356,579,2018-03-05
1357,873,2018-03-05
1358,469,2018-03-05
1359,960,2018-03-05
1360,671,2018-03-05
1361,891,2018-03-05
1362,929,2018-03-05
1363,177,2018-03-05
1364,518,2018-03-05
1365,260,2018-03-06
1366,921,2018-03-06
1367,572,2018-03-06
1368,511,2018-03-06
1369,645,2018-03-06
1370,300,2018-03-06
1371,477,2018-03-06
1372,889,2018-03-06
1373,737,2018-03-06
1374,766,2018-03-07
1375,136,2018-03-07
1376,645,2018-03-07
1377,496,2018-03-07
1378,574,2018-03-07
1379,919,2018-03-07
1380,180,2018-03-07
1381,361,2018-03-07
1382,861,2018-03-07
1383,399,2018-03-07
1384,521,2018-03-07
1385,610,2018-03-07
1386,728,2018-03-07
1387,927,2018-03-07
1388,250,2018-03-07
1389,714,2018-03-07
1390,501,2018-03-07
1391,858,2018-03-07
1392,734,2018-03-08
1393,391,2018-03-08
1394,726,2018-03-08
1395,898,2018-03-08
1396,363,2018-03-08
1397,81,2018-03-08
1398,694,2018-03-08
1399,854,2018-03-08
1400,765,2018-03-08
1401,984,2018-03-08
1402,775,2018-03-08
1403,110,2018-03-08
1404,734,2018-03-08
1405,200,2018-03-08
1406,384,2018-03-08
1407,998,2018-03-09
1408,78,2018-03-09
1409,745,2018-03-09
1410,345,2018-03-09
1411,136,2018-03-09
1412,106,2018-03-09
1413,92,2018-03-09
1414,505,2018-03-09
1415,347,2018-03-10
1416,384,2018-03-10
1417,780,2018-03-10
1418,29,2018-03-10
1419,453,2018-03-10
1420,490,2018-03-10
1421,364,2018-03-10
1422,952,2018-03-11
1423,0,2018-03-11
1424,370,2018-03-11
1425,13,2018-03-11
1426,689,2018-03-11
1427,615,2018-03-11
1428,190,2018-03-11
1429,882,2018-03-11
1430,6,2018-03-11
1431,219,2018-03-11
1432,592,2018-03-11
1433,714,2018-03-11
1434,200,2018-03-12
1435,666,2018-03-12
1436,591,2018-03-12
1437,985,2018-03-12
1438,241,2018-03-12
1439,275,2018-03-12
1440,712,2018-03-12
1441,742,2018-03-12
1442,162,2018-03-12
1443,489,2018-03-13
1444,916,2018-03-13
1445,716,2018-03-13
1446,346,2018-03-13
1447,662,2018-03-13
1448,128,2018-03-13
1449,552,2018-03-13
1450,931,2018-03-13
1451,189,2018-03-13
1452,813,2018-03-13
1453,944,2018-03-13
1454,443,2018-03-13
1455,32,2018-03-13
1456,745,2018-03-14
1457,425,2018-03-14
1458,760,2018-03-14
1459,944,2018-03-14
1460,780,2018-03-14
1461,44,2018-03-14
1462,896,2018-03-14
1463,175,2018-03-14
1464,112,2018-03-14
1465,396,2018-03-14
1466,653,2018-03-14
1467,161,2018-03-14
1468,47,2018-03-14
1469,349,2018-03-14
1470,207,2018-03-14
1471,700,2018-03-14
1472,939,2018-03-15
1473,10,2018-03-15
1474,701,2018-03-15
1475,14,2018-03-15
1476,594,2018-03-15
1477,855,2018-03-15
1478,245,2018-03-15
1479,431,2018-03-15
1480,414,2018-03-15
1481,344,2018-03-15
1482,643,2018-03-15
1483,632,2018-03-15
1484,277,2018-03-15
1485,491,2018-03-16
1486,143,2018-03-16
1487,12,2018-03-16
1488,572,2018-03-16
1489,497,2018-03-16
1490,156,2018-03-17
1491,688,2018-03-17
1492,92,2018-03-17
1493,599,2018-03-17
1494,390,2018-03-17
1495,706,2018-03-17
1496,886,2018-03-17
1497,980,2018-03-17
1498,108,2018-03-17
1499,987,2018-03-17
1500,12,2018-03-17
1501,111,2018-03-17
1502,458,2018-03-17
1503,561,2018-03-17
1504,988,2018-03-17
1505,552,2018-03-17
1506,121,2018-03-17
1507,489,2018-03-17
1508,395,2018-03-17
1509,481,2018-03-17
1510,218,2018-03-18
1511,930,2018-03-18
1512,861,2018-03-18
1513,942,2018-03-18
1514,935,2018-03-18
1515,231,2018-03-18
1516,13,2018-03-18
1517,339,2018-03-18
1518,930,2018-03-18
1519,393,2018-03-18
1520,594,2018-03-18
1521,964,2018-03-18
1522,445,2018-03-18
1523,88,2018-03-18
1524,380,2018-03-18
1525,345,2018-03-18
1526,100,2018-03-19
1527,499,2018-03-19
1528,502,2018-03-19
1529,889,2018-03-19
1530,857,2018-03-19
1531,737,2018-03-19
1532,285,2018-03-19
1533,585,2018-03-19
1534,974,2018-03-19
1535,335,2018-03-19
1536,462,2018-03-20
1537,556,2018-03-20
1538,662,2018-03-20
1539,925,2018-03-20
1540,512,2018-03-20
1541,549,2018-03-20
1542,514,2018-03-20
1543,415,2018-03-20
1544,965,2018-03-20
1545,67,2018-03-20
1546,243,2018-03-20
1547,656,2018-03-20
1548,417,2018-03-20
1549,911,2018-03-21
1550,642,2018-03-21
1551,231,2018-03-21
1552,777,2018-03-21
1553,123,2018-03-21
1554,204,2018-03-21
1555,280,2018-03-22
1556,437,2018-03-22
1557,323,2018-03-22
1558,425,2018-03-22
1559,346,2018-03-22
1560,56,2018-03-22
1561,771,2018-03-22
1562,871,2018-03-22
1563,708,2018-03-22
1564,159,2018-03-22
1565,780,2018-03-22
1566,814,2018-03-23
1567,999,2018-03-23
1568,697,2018-03-23
1569,398,2018-03-23
1570,172,2018-03-23
1571,272,2018-03-23
1572,396,2018-03-23
1573,305,2018-03-23
1574,392,2018-03-23
1575,621,2018-03-23
1576,913,2018-03-23
1577,369,2018-03-23
1578,802,2018-03-23
1579,747,2018-03-23
1580,323,2018-03-23
1581,553,2018-03-23
1582,681,2018-03-23
1583,10,2018-03-23
1584,371,2018-03-24
1585,969,2018-03-24
1586,432,2018-03-24
1587,944,2018-03-24
1588,508,2018-03-24
1589,921,2018-03-24
1590,790,2018-03-24
1591,574,2018-03-24
1592,361,2018-03-24
1593,663,2018-03-24
1594,513,2018-03-24
1595,400,2018-03-25
1596,807,2018-03-25
1597,54,2018-03-25
1598,363,2018-03-25
1599,881,2018-03-25
1600,831,2018-03-25
1601,606,2018-03-25
1602,10,2018-03-25
1603,297,2018-03-25
1604,583,2018-03-25
1605,587,2018-03-25
1606,983,2018-03-25
1607,984,2018-03-25
1608,562,2018-03-26
1609,661,2018-03-26
1610,656,2018-03-26
1611,793,2018-03-26
1612,823,2018-03-26
1613,505,2018-03-26
1614,415,2018-03-26
1615,664,2018-03-26
1616,200,2018-03-26
1617,950,2018-03-26
1618,335,2018-03-26
1619,737,2018-03-26
1620,856,2018-03-27
1621,855,2018-03-27
1622,291,2018-03-27
1623,66,2018-03-27
1624,26,2018-03-27
1625,11,2018-03-27
1626,935,2018-03-27
1627,485,2018-03-27
1628,48,2018-03-27
1629,511,2018-03-27
1630,562,2018-03-27
1631,180,2018-03-27
1632,745,2018-03-27
1633,701,2018-03-28
1634,743,2018-03-28
1635,29,2018-03-28
1636,514,2018-03-28
1637,896,2018-03-28
1638,576,2018-03-28
1639,290,2018-03-28
1640,943,2018-03-28
1641,658,2018-03-28
1642,32,2018-03-28
1643,717,2018-03-28
1644,437,2018-03-28
1645,258,2018-03-29
1646,396,2018-03-29
1647,532,2018-03-29
1648,991,2018-03-29
1649,703,2018-03-29
1650,379,2018-03-29
1651,487,2018-03-30
1652,422,2018-03-30
1653,799,2018-03-30
1654,344,2018-03-30
1655,811,2018-03-30
1656,745,2018-03-30
1657,971,2018-03-30
1658,868,2018-03-30
1659,40,2018-03-30
1660,773,2018-03-30
1661,36,2018-03-30
1662,19,2018-03-30
1663,539,2018-03-30
1664,429,2018-04-01
1665,712,2018-04-01
1666,115,2018-04-01
1667,498,2018-04-01
1668,562,2018-04-01
1669,450,2018-04-01
1670,808,2018-04-01
1671,294,2018-04-01
1672,938,2018-04-01
1673,863,2018-04-01
1674,602,2018-04-01
1675,838,2018-04-02
1676,938,2018-04-02
1677,291,2018-04-02
1678,242,2018-04-02
1679,260,2018-04-02
1680,574,2018-04-02
1681,75,2018-04-02
1682,2,2018-04-02
1683,536,2018-04-02
1684,490,2018-04-02
1685,700,2018-04-03
1686,806,2018-04-03
1687,873,2018-04-03
1688,933,2018-04-03
1689,750,2018-04-03
1690,663,2018-04-03
1691,952,2018-04-03
1692,896,2018-04-03
1693,775,2018-04-03
1694,288,2018-04-03
1695,767,2018-04-03
1696,393,2018-04-03
1697,335,2018-04-03
1698,145,2018-04-03
1699,350,2018-04-03
1700,993,2018-04-04
1701,460,2018-04-04
1702,559,2018-04-04
1703,115,2018-04-04
1704,588,2018-04-04
1705,97,2018-04-04
1706,993,2018-04-04
1707,311,2018-04-04
1708,207,2018-04-04
1709,359,2018-04-04
1710,424,2018-04-04
1711,91,2018-04-04
1712,15,2018-04-04
1713,991,2018-04-04
1714,290,2018-04-04
1715,270,2018-04-04
1716,491,2018-04-04
1717,708,2018-04-04
1718,830,2018-04-04
1719,401,2018-04-04
1720,277,2018-04-05
1721,853,2018-04-05
1722,52,2018-04-05
1723,619,2018-04-05
1724,542,2018-04-05
1725,191,2018-04-05
1726,710,2018-04-05
1727,446,2018-04-05
1728,469,2018-04-05
1729,725,2018-04-06
1730,126,2018-04-06
1731,437,2018-04-06
1732,32,2018-04-06
1733,689,2018-04-06
1734,134,2018-04-07
1735,241,2018-04-07
1736,466,2018-04-07
1737,318,2018-04-07
1738,572,2018-04-07
1739,563,2018-04-07
1740,58,2018-04-07
1741,704,2018-04-07
1742,635,2018-04-07
1743,452,2018-04-07
1744,806,2018-04-07
1745,669,2018-04-07
1746,381,2018-04-08
1747,862,2018-04-08
1748,649,2018-04-08
1749,192,2018-04-08
1750,756,2018-04-08
1751,53,2018-04-08
1752,228,2018-04-08
1753,347,2018-04-08
1754,692,2018-04-08
1755,300,2018-04-08
1756,664,2018-04-08
1757,688,2018-04-08
1758,767,2018-04-08
1759,655,2018-04-09
1760,914,2018-04-09
1761,405,2018-04-09
1762,906,2018-04-09
1763,936,2018-04-09
1764,781,2018-04-10
1765,39,2018-04-10
1766,743,2018-04-10
1767,911,2018-04-10
1768,491,2018-04-10
1769,49,2018-04-10
1770,162,2018-04-10
1771,799,2018-04-11
1772,923,2018-04-11
1773,323,2018-04-11
1774,590,2018-04-11
1775,401,2018-04-11
1776,582,2018-04-11
1777,283,2018-04-11
1778,419,2018-04-11
1779,458,2018-04-11
1780,875,2018-04-11
1781,628,2018-04-11
1782,689,2018-04-11
1783,688,2018-04-11
1784,600,2018-04-11
1785,934,2018-04-11
1786,654,2018-04-12
1787,340,2018-04-12
1788,835,2018-04-12
1789,574,2018-04-12
1790,674,2018-04-12
1791,643,2018-04-12
1792,591,2018-04-12
1793,54,2018-04-12
1794,328,2018-04-13
1795,385,2018-04-13
1796,798,2018-04-13
1797,513,2018-04-13
1798,785,2018-04-13
1799,693,2018-04-13
1800,665,2018-04-13
1801,938,2018-04-13
1802,130,2018-04-13
1803,585,2018-04-13
1804,388,2018-04-13
1805,331,2018-04-13
1806,45,2018-04-13
1807,984,2018-04-13
1808,889,2018-04-14
1809,247,2018-04-14
1810,866,2018-04-14
1811,696,2018-04-14
1812,216,2018-04-14
1813,968,2018-04-14
1814,148,2018-04-14
1815,120,2018-04-14
1816,249,2018-04-14
1817,696,2018-04-14
1818,686,2018-04-15
1819,392,2018-04-15
1820,726,2018-04-15
1821,408,2018-04-15
1822,679,2018-04-15
1823,985,2018-04-15
1824,334,2018-04-15
1825,75,2018-04-15
1826,929,2018-04-15
1827,633,2018-04-16
1828,5,2018-04-16
1829,771,2018-04-16
1830,782,2018-04-16
1831,1,2018-04-16
1832,330,2018-04-16
1833,72,2018-04-16
1834,509,2018-04-16
1835,814,2018-04-16
1836,846,2018-04-16
1837,744,2018-04-17
1838,847,2018-04-17
1839,276,2018-04-17
1840,16,2018-04-17
1841,80,2018-04-17
1842,116,2018-04-17
1843,865,2018-04-17
1844,480,2018-04-17
1845,599,2018-04-17
1846,213,2018-04-17
1847,648,2018-04-17
1848,66,2018-04-17
1849,131,2018-04-17
1850,396,2018-04-17
1851,655,2018-04-17
1852,442,2018-04-17
1853,977,2018-04-18
1854,31,2018-04-18
1855,655,2018-04-18
1856,388,2018-04-18
1857,609,2018-04-18
1858,422,2018-04-18
1859,549,2018-04-18
1860,809,2018-04-18
1861,978,2018-04-18
1862,186,2018-04-18
1863,674,2018-04-18
1864,585,2018-04-18
1865,241,2018-04-18
1866,140,2018-04-18
1867,917,2018-04-18
1868,699,2018-04-18
1869,222,2018-04-18
1870,872,2018-04-18
1871,689,2018-04-19
1872,103,2018-04-19
1873,19,2018-04-19
1874,164,2018-04-19
1875,68,2018-04-19
1876,623,2018-04-19
1877,600,2018-04-19
1878,29,2018-04-19
1879,206,2018-04-19
1880,559,2018-04-20
1881,306,2018-04-20
1882,744,2018-04-20
1883,370,2018-04-20
1884,727,2018-04-20
1885,54,2018-04-20
1886,535,2018-04-20
1887,285,2018-04-20
1888,917,2018-04-20
1889,190,2018-04-20
1890,219,2018-04-20
1891,234,2018-04-20
1892,48,2018-04-20
1893,613,2018-04-20
1894,974,2018-04-20
1895,109,2018-04-20
1896,284,2018-04-20
1897,30,2018-04-21
1898,837,2018-04-21
1899,578,2018-04-21
1900,534,2018-04-21
1901,399,2018-04-21
1902,706,2018-04-21
1903,349,2018-04-21
1904,64,2018-04-21
1905,613,2018-04-21
1906,528,2018-04-21
1907,265,2018-04-21
1908,996,2018-04-21
1909,838,2018-04-21
1910,77,2018-04-21
1911,719,2018-04-21
1912,889,2018-04-21
1913,676,2018-04-22
1914,650,2018-04-22
1915,138,2018-04-22
1916,908,2018-04-22
1917,887,2018-04-22
1918,880,2018-04-22
1919,454,2018-04-22
1920,369,2018-04-22
1921,39,2018-04-22
1922,900,2018-04-22
1923,859,2018-04-23
1924,717,2018-04-23
1925,974,2018-04-24
1926,212,2018-04-24
1927,363,2018-04-24
1928,537,2018-04-24
1929,620,2018-04-24
1930,743,2018-04-24
1931,283,2018-04-24
1932,454,2018-04-25
1933,334,2018-04-25
1934,30,2018-04-25
1935,262,2018-04-25
1936,393,2018-04-25
1937,451,2018-04-25
1938,189,2018-04-25
1939,326,2018-04-25
1940,144,2018-04-25
1941,723,2018-04-25
1942,689,2018-04-25
1943,571,2018-04-25
1944,141,2018-04-25
1945,230,2018-04-25
1946,864,2018-04-25
1947,695,2018-04-25
1948,904,2018-04-26
1949,693,2018-04-26
1950,441,2018-04-26
1951,699,2018-04-26
1952,693,2018-04-26
1953,970,2018-04-26
1954,581,2018-04-26
1955,935,2018-04-26
1956,588,2018-04-26
1957,525,2018-04-26
1958,47,2018-04-26
1959,562,2018-04-26
1960,878,2018-04-26
1961,911,2018-04-26
1962,309,2018-04-26
1963,215,2018-04-26
1964,609,2018-04-27
1965,28,2018-04-27
1966,84,2018-04-27
1967,595,2018-04-27
1968,518,2018-04-27
1969,587,2018-04-27
1970,495,2018-04-27
1971,625,2018-04-27
1972,853,2018-04-27
1973,462,2018-04-27
1974,779,2018-04-27
1975,826,2018-04-27
1976,596,2018-04-27
1977,90,2018-04-27
1978,237,2018-04-27
1979,171,2018-04-27
1980,804,2018-04-27
1981,597,2018-04-28
1982,949,2018-04-28
1983,411,2018-04-28
1984,879,2018-04-28
1985,5,2018-04-28
1986,108,2018-04-29
1987,466,2018-04-29
1988,602,2018-04-29
1989,518,2018-04-29
1990,660,2018-05-01
1991,25,2018-05-01
1992,752,2018-05-01
1993,969,2018-05-01
1994,976,2018-05-01
1995,932,2018-05-01
1996,748,2018-05-01
1997,840,2018-05-01
1998,427,2018-05-01
1999,847,2018-05-01
2000,950,2018-05-01
